PRAGMA foreign_keys = on;

--STAFF
INSERT INTO Staff VALUES (9462023645904, 'Maria Idalina Gomes Silva', 916935316, '1967-2-17', 'Rua Jardim', 977652890);
INSERT INTO Staff VALUES (8082264321231, 'Marisa Isabel Magalhaes Brandao Silva', 929164879, '1962-3-6', 'Rua Armazens', 761120614);
INSERT INTO Staff VALUES (6570567309853, 'Pedro Miguel Carvalho da Silva', 926345531, '1965-5-27', 'Rua Oliveirinhas', 726208985);
INSERT INTO Staff VALUES (2348543573001, 'Sandra Maria Moura Pinto Pires', 961949255, '1968-4-14', 'Rua Tapada Marinha', 313631376);

--GABINETE
INSERT INTO Gabinete VALUES ('I137');
INSERT INTO Gabinete VALUES ('I134');
INSERT INTO Gabinete VALUES ('I022');
INSERT INTO Gabinete VALUES ('I318');
INSERT INTO Gabinete VALUES ('I120');
INSERT INTO Gabinete VALUES ('I126');
INSERT INTO Gabinete VALUES ('I237');
INSERT INTO Gabinete VALUES ('I314');
INSERT INTO Gabinete VALUES ('I135');
INSERT INTO Gabinete VALUES ('I236');
INSERT INTO Gabinete VALUES ('I130');
INSERT INTO Gabinete VALUES ('I138');
INSERT INTO Gabinete VALUES ('I215');
INSERT INTO Gabinete VALUES ('I128');
INSERT INTO Gabinete VALUES ('H317');
INSERT INTO Gabinete VALUES ('I218');

--PROF
INSERT INTO Prof VALUES (4122079773734, 'Joao Manuel Paiva Cardoso', 937914785, '1969-12-6', 'Rua Rampa Alta', 147088301, 'I137');
INSERT INTO Prof VALUES (9792306443952, 'Carlos Manuel Milheiro de Oliveira Pinto Soares', 938467512, '1954-5-17', 'Rua Caminho Cruz', 191964361, 'I022');
INSERT INTO Prof VALUES (1854839674382, 'Ademar Manuel Teixeira de Aguiar', 961870305, '1956-2-5', 'Rua Comercio', 907066761, 'I134');
INSERT INTO Prof VALUES (3693044364286, 'Jorge Alves da Silva', 961597572, '1957-7-18', 'Travessa Choupelo', 976336082, 'I318');
INSERT INTO Prof VALUES (9051287268061, 'Rosaldo José Fernandes Rossetti', 963134238, '1969-3-17', 'Rua Patrao Caramelho', 671655628, 'I120');
INSERT INTO Prof VALUES (2463208297382, 'João Carlos Pascoal Faria', 937103434, '1957-12-18', 'Rua Parque Gondarim', 926557523, 'I126');
INSERT INTO Prof VALUES (2088756924768, 'João Paulo de Castro Canas Ferreira', 932489153, '1958-12-19', 'Rua Pescador Bacalhoeiro', 829890030, 'I237');
INSERT INTO Prof VALUES (2982648918603, 'Jorge Manuel Gomes Barbosa', 917311713, '1958-7-28', 'Rua Cortinhas Fonte', 307642101, 'I314');
INSERT INTO Prof VALUES (1442620151390, 'Luís Paulo Gonçalves dos Reis', 919333788, '1951-11-23', 'Avenida Doutor Fernando Gomes', 258076315, null);
INSERT INTO Prof VALUES (3165960962473, 'Maria Cristina de Carvalho Alves Ribeiro', 932705279, '1952-1-4', 'Rua Nogueiras', 340916084, 'I135');
INSERT INTO Prof VALUES (2765917753630, 'António José Duarte Araújo', 965933643, '1952-3-8', 'Rua Padua Correia', 372595882, 'I236');
INSERT INTO Prof VALUES (2805166462479, 'José Manuel de Araújo Baptista Mendonça', 924963360, '1952-6-14', 'Rua Parque Gondarim', 605037937, null);
INSERT INTO Prof VALUES (2801764625581, 'Antonio Augusto de Sousa', 932597764, '1968-8-5', 'Rua Dom Antonio Ferreira Gomes', 756152302, 'I130');
INSERT INTO Prof VALUES (8704231737884, 'Eugenio da Costa Oliveira', 913636255, '1965-12-17', 'Rua Castelo de Guimaraes', 575913788, 'I138');
INSERT INTO Prof VALUES (9848484636632, 'Gil Manuel Magalhaes de Andrade Goncalves', 918734999, '1963-6-24', 'Rua Almirante Leote do Rego', 533591837, 'I215');
INSERT INTO Prof VALUES (7751787559647, 'Henrique Daniel de Avelar Lopes Cardoso', 933107587, '1960-3-5', 'Rua de Monte Alegre', 874026111, 'I128');
INSERT INTO Prof VALUES (7402047179596, 'Alvaro Alberto de Matos Ferreira da Cunha', 961366249, '1962-7-29', 'Rua Goncalo Cristovao', 786955174, 'H317');
INSERT INTO Prof VALUES (8751366620428, 'Fernando Lobo Pereira', 921099617, '1964-6-20', 'Rua do Bonjardim', 810628447, 'I218');
INSERT INTO Prof VALUES (3364353703902, 'Fernando Nunes Ferreira', 914782094, '1955-2-18', 'Rua Camara Pestana', 445193437, 'I137');
INSERT INTO Prof VALUES (9305967835528, 'Ana Paula Rocha', 965154258, '1953-10-8', 'Rua Linhas de Torres', 170655353, 'I134');
INSERT INTO Prof VALUES (1575504875038, 'Joao Tiago Pinheiro Neto Jacob', 968509431, '1952-8-9', 'Rua Goncalo Sampaio', 639816483, 'I120');

--CURSO
INSERT INTO Curso VALUES (2683216217156, 'Mestrado Integrado em Engenharia Informatica e Computacao', 2463208297382);
INSERT INTO Curso VALUES (2395766848890, 'Programa Doutoral em Engenharia Informatica', 2801764625581);

--LECIONA
INSERT INTO Leciona VALUES (4122079773734, 2683216217156);
INSERT INTO Leciona VALUES (9792306443952, 2683216217156);
INSERT INTO Leciona VALUES (3693044364286, 2683216217156);
INSERT INTO Leciona VALUES (9051287268061, 2683216217156);
INSERT INTO Leciona VALUES (2463208297382, 2683216217156);
INSERT INTO Leciona VALUES (2088756924768, 2683216217156);
INSERT INTO Leciona VALUES (2982648918603, 2683216217156);
INSERT INTO Leciona VALUES (1442620151390, 2683216217156);
INSERT INTO Leciona VALUES (3165960962473, 2683216217156);
INSERT INTO Leciona VALUES (2765917753630, 2683216217156);
INSERT INTO Leciona VALUES (2801764625581, 2683216217156);
INSERT INTO Leciona VALUES (9848484636632, 2683216217156);
INSERT INTO Leciona VALUES (7751787559647, 2683216217156);
INSERT INTO Leciona VALUES (9305967835528, 2683216217156);
INSERT INTO Leciona VALUES (4122079773734, 2395766848890);
INSERT INTO Leciona VALUES (9792306443952, 2395766848890);
INSERT INTO Leciona VALUES (9051287268061, 2395766848890);
INSERT INTO Leciona VALUES (2463208297382, 2395766848890);
INSERT INTO Leciona VALUES (1442620151390, 2395766848890);
INSERT INTO Leciona VALUES (3165960962473, 2395766848890);
INSERT INTO Leciona VALUES (2801764625581, 2395766848890);
INSERT INTO Leciona VALUES (7751787559647, 2395766848890);
INSERT INTO Leciona VALUES (9305967835528, 2395766848890);

--STAFF_DO_CURSO
INSERT INTO StaffDoCurso VALUES (9462023645904, 2683216217156);
INSERT INTO StaffDoCurso VALUES (8082264321231, 2395766848890);

--ESTUDANTE
INSERT INTO Estudante VALUES (7365406276967, 'Simao Pereira Oliveira', 961416657, '1996-7-2', 'Rua Cimo Vila', 2683216217156);
INSERT INTO Estudante VALUES (7124663645254, 'Carlos Eduardo da Nova Duarte', 933922750, '1996-11-26', 'Rua Patrao Caramelho', 2683216217156);
INSERT INTO Estudante VALUES (7525050515978, 'Pedro Maria Passos Ribeiro do Carmo Pereira', 921245357, '1999-2-23', 'Rua Cimo Vila', 2683216217156);
INSERT INTO Estudante VALUES (3899888362470, 'Afonso Soares Mendonça', 937400821, '1998-12-31', 'Rua Luis Sardoeira', 2683216217156);
INSERT INTO Estudante VALUES (1509116503139, 'Moises Pimenta Rocha', 921989322, '1997-10-19', 'Rua Costa', 2683216217156);
INSERT INTO Estudante VALUES (8075088819118, 'Paulo Daniel da Silva Araujo', 928841889, '2000-5-16', 'Rua Cimo Vila', 2683216217156);
INSERT INTO Estudante VALUES (2208155312945, 'Ana Teresa Silva', 925058531, '1998-2-4', 'Rua Nogueiras', 2683216217156);
INSERT INTO Estudante VALUES (7932627529234, 'Andre Miguel Soares', 924131438, '1997-2-17', 'Rua Oliveirinhas', 2683216217156);
INSERT INTO Estudante VALUES (3673534698650, 'Pedro Miguel Braga Lopes Moas', 926087693, '1997-9-31', 'Rua Nogueiras', 2683216217156);
INSERT INTO Estudante VALUES (2773600182473, 'Diogo Peixoto Pereira', 918556673, '1997-3-14', 'Rua Ancora', 2683216217156);
INSERT INTO Estudante VALUES (3940420465683, 'João Paulo Madureira Damas', 932984259, '1998-11-10', 'Rua Muro Bacalhoeiros', 2683216217156);
INSERT INTO Estudante VALUES (1720286804801, 'Joao Pedro Correia', 964484816, '1999-2-7', 'Rua Dordio Gomes', 2395766848890);
INSERT INTO Estudante VALUES (2211778999212, 'Tiago Luis Pacheco', 928612212, '1998-10-3', 'Rua Direita de Francos', 2395766848890);
INSERT INTO Estudante VALUES (6270866517184, 'Maria Gomes Pedroto', 961615194, '1996-5-8', 'Rua Azevedo Coutinho', 2395766848890);
INSERT INTO Estudante VALUES (6294818581325, 'Carlos Correia da Costa', 961997191, '1998-5-20', 'Rua Central de Francos', 2395766848890);
INSERT INTO Estudante VALUES (4362597829517, 'Pedro Manuel Correia', 912301495, '1999-9-9', 'Rua de Cedofeita', 2395766848890);
INSERT INTO Estudante VALUES (4485929332892, 'Carla Filipa Abreu', 933506938, '1997-4-30', 'Rua Adolgo Casais Monteiro', 2395766848890);
INSERT INTO Estudante VALUES (1909761548060, 'Leonardo Ferreira', 927857665, '1998-1-8', 'Rua Guerra Junqueiro', 2395766848890);
INSERT INTO Estudante VALUES (8387267559682, 'Joao Francisco Neto', 912406495, '1997-2-28', 'Rua Dom Agostinho de Jesus e Sousa', 2395766848890);
INSERT INTO Estudante VALUES (4316005989619, 'Antonio Borges dos Santos Ferreira', 913952874, '1999-1-10', 'Rua de Camoes', 2395766848890);
INSERT INTO Estudante VALUES (8355382237951, 'Miguel da Costa Simoes', 921909562, '1998-2-7', 'Rua do Fojo', 2683216217156);
INSERT INTO Estudante VALUES (9203169095046, 'Daniel Pereira', 939463041, '1998-3-3', 'Rua Almada', 2683216217156);
INSERT INTO Estudante VALUES (6283147100666, 'Jose Nuno Branco Lima e Silva', 931090439, '1997-3-27', 'Rua Antonio Enes', 2683216217156);

--FREQUENCIA
INSERT INTO Frequencia VALUES (7365406276967, 2683216217156, 12.96, 0);
INSERT INTO Frequencia VALUES (7124663645254, 2683216217156, 10.43, 1);
INSERT INTO Frequencia VALUES (7525050515978, 2683216217156, 17.55, 0);
INSERT INTO Frequencia VALUES (3899888362470, 2683216217156, 13.84, 1);
INSERT INTO Frequencia VALUES (1509116503139, 2683216217156, 14.35, 0);
INSERT INTO Frequencia VALUES (8075088819118, 2683216217156, 17.09, 1);
INSERT INTO Frequencia VALUES (2208155312945, 2683216217156, 19.42, 0);
INSERT INTO Frequencia VALUES (7932627529234, 2683216217156, 19.81, 1);
INSERT INTO Frequencia VALUES (3673534698650, 2683216217156, 11.04, 0);
INSERT INTO Frequencia VALUES (2773600182473, 2683216217156, 18.54, 1);
INSERT INTO Frequencia VALUES (3940420465683, 2683216217156, 19.39, 0);
INSERT INTO Frequencia VALUES (8355382237951, 2683216217156, 11.22, 0);
INSERT INTO Frequencia VALUES (9203169095046, 2683216217156, 10.77, 0);
INSERT INTO Frequencia VALUES (6283147100666, 2683216217156, 14.43, 0);
INSERT INTO Frequencia VALUES (1720286804801, 2395766848890, 16.1, 0);
INSERT INTO Frequencia VALUES (2211778999212, 2395766848890, 11.22, 1);
INSERT INTO Frequencia VALUES (6270866517184, 2395766848890, 19.14, 1);
INSERT INTO Frequencia VALUES (6294818581325, 2395766848890, 10.6, 1);
INSERT INTO Frequencia VALUES (4362597829517, 2395766848890, 15.27, 1);
INSERT INTO Frequencia VALUES (4485929332892, 2395766848890, 19.08, 0);
INSERT INTO Frequencia VALUES (1909761548060, 2395766848890, 18.02, 0);
INSERT INTO Frequencia VALUES (8387267559682, 2395766848890, 13.61, 1);
INSERT INTO Frequencia VALUES (4316005989619, 2395766848890, 13.92, 0);

--LAB
INSERT INTO Lab VALUES (3017849642713, 'Instituto de Engenharia de Sistemas e Computadores, Tecnologia e Ciencia', 2805166462479);
INSERT INTO Lab VALUES (6887944258493, 'Laboratorio de Inteligencia Artificial e Ciencia de Computadores', 1442620151390);
INSERT INTO Lab VALUES (7142662747516, 'Instituto de I&D em Estruturas e Construcao', 7402047179596);
INSERT INTO Lab VALUES (7768631240888, 'Centro de Investigacao em Sistemas e Tecnologias', 8751366620428);

--PROF_ASSOC_LAB
INSERT INTO ProfAssocLab VALUES (4122079773734, 3017849642713);
INSERT INTO ProfAssocLab VALUES (9792306443952, 3017849642713);
INSERT INTO ProfAssocLab VALUES (1854839674382, 3017849642713);
INSERT INTO ProfAssocLab VALUES (3693044364286, 3017849642713);
INSERT INTO ProfAssocLab VALUES (9051287268061, 3017849642713);
INSERT INTO ProfAssocLab VALUES (2463208297382, 3017849642713);
INSERT INTO ProfAssocLab VALUES (2088756924768, 3017849642713);
INSERT INTO ProfAssocLab VALUES (3165960962473, 3017849642713);
INSERT INTO ProfAssocLab VALUES (2765917753630, 3017849642713);
INSERT INTO ProfAssocLab VALUES (2801764625581, 3017849642713);
INSERT INTO ProfAssocLab VALUES (9051287268061, 6887944258493);
INSERT INTO ProfAssocLab VALUES (8704231737884, 6887944258493);
INSERT INTO ProfAssocLab VALUES (7751787559647, 6887944258493);
INSERT INTO ProfAssocLab VALUES (9305967835528, 6887944258493);
INSERT INTO ProfAssocLab VALUES (1575504875038, 6887944258493);
INSERT INTO ProfAssocLab VALUES (9051287268061, 7142662747516);
INSERT INTO ProfAssocLab VALUES (9848484636632, 7768631240888);

--COMISSAO_EXECUTIVA
INSERT INTO ComissaoExecutiva VALUES (4122079773734);
INSERT INTO ComissaoExecutiva VALUES (9792306443952);
INSERT INTO ComissaoExecutiva VALUES (1854839674382);
INSERT INTO ComissaoExecutiva VALUES (3693044364286);
INSERT INTO ComissaoExecutiva VALUES (9051287268061);

--COMISSAO_CIENTIFICA
INSERT INTO ComissaoCientifica VALUES (2683216217156, 2463208297382);
INSERT INTO ComissaoCientifica VALUES (2683216217156, 2088756924768);
INSERT INTO ComissaoCientifica VALUES (2683216217156, 2982648918603);
INSERT INTO ComissaoCientifica VALUES (2683216217156, 1442620151390);
INSERT INTO ComissaoCientifica VALUES (2683216217156, 3165960962473);
INSERT INTO ComissaoCientifica VALUES (2395766848890, 2801764625581);
INSERT INTO ComissaoCientifica VALUES (2395766848890, 8704231737884);
INSERT INTO ComissaoCientifica VALUES (2395766848890, 9848484636632);
INSERT INTO ComissaoCientifica VALUES (2395766848890, 7751787559647);
INSERT INTO ComissaoCientifica VALUES (2395766848890, 4122079773734);

--COMISSAO_ACOMPANHAMENTO
INSERT INTO ComissaoAcompanhamento (curso, prof) VALUES (2683216217156, 2765917753630);
INSERT INTO ComissaoAcompanhamento (curso, prof) VALUES (2683216217156, 2463208297382);
INSERT INTO ComissaoAcompanhamento (curso, prof) VALUES (2683216217156, 3693044364286);
INSERT INTO ComissaoAcompanhamento (curso, estudante) VALUES (2683216217156, 2773600182473);
INSERT INTO ComissaoAcompanhamento (curso, estudante) VALUES (2683216217156, 3940420465683);
INSERT INTO ComissaoAcompanhamento (curso, prof) VALUES (2395766848890, 2801764625581);
INSERT INTO ComissaoAcompanhamento (curso, prof) VALUES (2395766848890, 8704231737884);
INSERT INTO ComissaoAcompanhamento (curso, estudante) VALUES (2395766848890, 1720286804801);
INSERT INTO ComissaoAcompanhamento (curso, estudante) VALUES (2395766848890, 2211778999212);

--NUCLEO
INSERT INTO Nucleo VALUES(1474059517614, 'Nucleo de Informatica da AEFEUP', 'B315');
INSERT INTO Nucleo VALUES(3066549995381, 'Nucleo Universitario IEEE', 'J201');

--ESTUDANTE_NUCLEO
INSERT INTO EstudanteNucleo VALUES(7124663645254, 1474059517614);
INSERT INTO EstudanteNucleo VALUES(3899888362470, 1474059517614);
INSERT INTO EstudanteNucleo VALUES(6283147100666, 1474059517614);
INSERT INTO EstudanteNucleo VALUES(8355382237951, 3066549995381);
INSERT INTO EstudanteNucleo VALUES(9203169095046, 3066549995381);
