PRAGMA foreign_keys = on;

--STAFF
INSERT INTO Staff VALUES(5697349283547, 'Maria Idalina Gomes Silva', 969965690, '1969-9-13', 'Rua Jardim', 886211007);
INSERT INTO Staff VALUES(1543387225926, 'Marisa Isabel Magalhaes Brandao Silva', 927764473, '1961-9-10', 'Rua Armazens', 810230151);
INSERT INTO Staff VALUES(1083704805077, 'Pedro Miguel Carvalho da Silva', 937779689, '1964-2-4', 'Rua Oliveirinhas', 962385738);
INSERT INTO Staff VALUES(6057157177329, 'Sandra Maria Moura Pinto Pires', 923690310, '1960-12-8', 'Rua Tapada Marinha', 918261352);

--GABINETE
INSERT INTO Gabinete VALUES('I204');
INSERT INTO Gabinete VALUES('I134');
INSERT INTO Gabinete VALUES('I022');
INSERT INTO Gabinete VALUES('I318');
INSERT INTO Gabinete VALUES('I120');
INSERT INTO Gabinete VALUES('I126');
INSERT INTO Gabinete VALUES('I237');
INSERT INTO Gabinete VALUES('I314');
INSERT INTO Gabinete VALUES('I135');
INSERT INTO Gabinete VALUES('I236');

--PROF
INSERT INTO Prof VALUES(6072732118452, 'Joao Manuel Paiva Cardoso', 967766953, '1969-7-21', 'Rua Rampa Alta', 207218686, 'I204');
INSERT INTO Prof VALUES(7769073587721, 'Carlos Manuel Milheiro de Oliveira Pinto Soares', 967209100, '1962-9-27', 'Rua Caminho Cruz', 679431024, 'I134');
INSERT INTO Prof VALUES(2355858164688, 'Ademar Manuel Teixeira de Aguiar', 966743551, '1960-10-29', 'Rua Comercio', 492018182, 'I022');
INSERT INTO Prof VALUES(5769765996867, 'Jorge Alves da Silva', 925892583, '1951-2-10', 'Travessa Choupelo', 151371932, 'I318');
INSERT INTO Prof VALUES(8272223493938, 'Rosaldo José Fernandes Rossetti', 922199876, '1962-9-23', 'Rua Patrao Caramelho', 646704401, 'I120');
INSERT INTO Prof VALUES(6258017468089, 'João Carlos Pascoal Faria', 967134108, '1952-4-11', 'Rua Parque Gondarim', 530574474, 'I126');
INSERT INTO Prof VALUES(2844845174917, 'João Paulo de Castro Canas Ferreira', 926192120, '1951-8-12', 'Rua Pescador Bacalhoeiro', 178984708, 'I237');
INSERT INTO Prof VALUES(6564758917805, 'Jorge Manuel Gomes Barbosa', 937167439, '1961-1-27', 'Rua Cortinhas Fonte', 591224990, 'I314');
INSERT INTO Prof VALUES(6318130811551, 'Luís Paulo Gonçalves dos Reis', 936091868, '1961-12-1', 'Avenida Doutor Fernando Gomes', 754606859, null);
INSERT INTO Prof VALUES(7188079803886, 'Maria Cristina de Carvalho Alves Ribeiro', 925347905, '1959-7-27', 'Rua Nogueiras', 710530811, 'I135');
INSERT INTO Prof VALUES(2698374290584, 'António José Duarte Araújo', 927017935, '1967-5-15', 'Rua Padua Correia', 977401927, 'I236');
INSERT INTO Prof VALUES(6805568196620, 'José Manuel de Araújo Baptista Mendonça', 968334014, '1957-3-1', 'Rua Parque Gondarim', 520988363, null);

--CURSO
INSERT INTO Curso VALUES(8989015058513, 'Mestrado Integrado em Engenharia Informatica e Computacao', 6258017468089);

--LECIONA
INSERT INTO Leciona VALUES(6072732118452, 8989015058513);
INSERT INTO Leciona VALUES(7769073587721, 8989015058513);
INSERT INTO Leciona VALUES(2355858164688, 8989015058513);
INSERT INTO Leciona VALUES(5769765996867, 8989015058513);
INSERT INTO Leciona VALUES(8272223493938, 8989015058513);
INSERT INTO Leciona VALUES(6258017468089, 8989015058513);
INSERT INTO Leciona VALUES(2844845174917, 8989015058513);
INSERT INTO Leciona VALUES(6564758917805, 8989015058513);
INSERT INTO Leciona VALUES(6318130811551, 8989015058513);
INSERT INTO Leciona VALUES(7188079803886, 8989015058513);
INSERT INTO Leciona VALUES(2698374290584, 8989015058513);
INSERT INTO Leciona VALUES(6805568196620, 8989015058513);

--STAFF_DO_CURSO
INSERT INTO StaffDoCurso VALUES(5697349283547, 8989015058513);

--ESTUDANTE
INSERT INTO Estudante VALUES(5250698648243, 'Simao Pereira Oliveira', 919409957, '2000-11-5', 'Rua Cimo Vila', 0, 8989015058513);
INSERT INTO Estudante VALUES(1857840174245, 'Carlos Eduardo da Nova Duarte', 932512626, '1996-8-16', 'Rua Patrao Caramelho', 1, 8989015058513);
INSERT INTO Estudante VALUES(2683733140708, 'Pedro Maria Passos Ribeiro do Carmo Pereira', 922334435, '1997-1-25', 'Rua Cimo Vila', 1, 8989015058513);
INSERT INTO Estudante VALUES(6082342198762, 'Afonso Soares Mendonça', 918141620, '1996-12-25', 'Rua Luis Sardoeira', 0, 8989015058513);
INSERT INTO Estudante VALUES(3016917635727, 'Moises Pimenta Rocha', 967736828, '1996-3-28', 'Rua Costa', 0, 8989015058513);
INSERT INTO Estudante VALUES(6948282315541, 'Paulo Daniel da Silva Araujo', 939639110, '1998-7-8', 'Rua Cimo Vila', 1, 8989015058513);
INSERT INTO Estudante VALUES(3230539810951, 'Ana Teresa Silva', 966120249, '2000-4-21', 'Rua Nogueiras', 1, 8989015058513);
INSERT INTO Estudante VALUES(1389124074073, 'Andre Miguel Soares', 927708214, '2000-1-22', 'Rua Oliveirinhas', 0, 8989015058513);
INSERT INTO Estudante VALUES(9180742399228, 'Pedro Miguel Braga Lopes Moas', 921273671, '2000-4-4', 'Rua Nogueiras', 1, 8989015058513);
INSERT INTO Estudante VALUES(1301088531240, 'Diogo Peixoto Pereira', 964816263, '1996-6-21', 'Rua Ancora', 1, 8989015058513);
INSERT INTO Estudante VALUES(9500523573251, 'João Paulo Madureira Damas', 966824151, '1996-5-2', 'Rua Muro Bacalhoeiros', 0, 8989015058513);

--CLASSIFICACAO
INSERT INTO Classificacao VALUES(5250698648243, 8989015058513, 10);
INSERT INTO Classificacao VALUES(1857840174245, 8989015058513, 13);
INSERT INTO Classificacao VALUES(2683733140708, 8989015058513, 10);
INSERT INTO Classificacao VALUES(6082342198762, 8989015058513, 11);
INSERT INTO Classificacao VALUES(3016917635727, 8989015058513, 10);
INSERT INTO Classificacao VALUES(6948282315541, 8989015058513, 15);
INSERT INTO Classificacao VALUES(3230539810951, 8989015058513, 17);
INSERT INTO Classificacao VALUES(1389124074073, 8989015058513, 15);
INSERT INTO Classificacao VALUES(9180742399228, 8989015058513, 16);
INSERT INTO Classificacao VALUES(1301088531240, 8989015058513, 19);
INSERT INTO Classificacao VALUES(9500523573251, 8989015058513, 19);

--LAB
INSERT INTO Lab VALUES(8902259939625, 'Instituto de Engenharia de Sistemas e Computadores, Tecnologia e Ciencia', 6805568196620);

--PROF_ASSOC_LAB
INSERT INTO ProfAssocLab VALUES(6072732118452, 8902259939625);
INSERT INTO ProfAssocLab VALUES(7769073587721, 8902259939625);
INSERT INTO ProfAssocLab VALUES(2355858164688, 8902259939625);
INSERT INTO ProfAssocLab VALUES(5769765996867, 8902259939625);
INSERT INTO ProfAssocLab VALUES(8272223493938, 8902259939625);
INSERT INTO ProfAssocLab VALUES(6258017468089, 8902259939625);
INSERT INTO ProfAssocLab VALUES(2844845174917, 8902259939625);
INSERT INTO ProfAssocLab VALUES(6564758917805, 8902259939625);
INSERT INTO ProfAssocLab VALUES(6318130811551, 8902259939625);
INSERT INTO ProfAssocLab VALUES(7188079803886, 8902259939625);
INSERT INTO ProfAssocLab VALUES(2698374290584, 8902259939625);
INSERT INTO ProfAssocLab VALUES(6805568196620, 8902259939625);

--COMISSAO_EXECUTIVA
INSERT INTO ComissaoExecutiva VALUES(6072732118452);
INSERT INTO ComissaoExecutiva VALUES(7769073587721);
INSERT INTO ComissaoExecutiva VALUES(2355858164688);
INSERT INTO ComissaoExecutiva VALUES(5769765996867);
INSERT INTO ComissaoExecutiva VALUES(8272223493938);

--COMISSAO_CIENTIFICA
INSERT INTO ComissaoCientifica VALUES(8989015058513, 6258017468089);
INSERT INTO ComissaoCientifica VALUES(8989015058513, 2844845174917);
INSERT INTO ComissaoCientifica VALUES(8989015058513, 6564758917805);
INSERT INTO ComissaoCientifica VALUES(8989015058513, 6318130811551);
INSERT INTO ComissaoCientifica VALUES(8989015058513, 7188079803886);

--COMISSAO_ACOMPANHAMENTO
INSERT INTO ComissaoAcompanhamento(codigoCurso, profID)VALUES(8989015058513, 2698374290584);
INSERT INTO ComissaoAcompanhamento(codigoCurso, profID)VALUES(8989015058513, 6258017468089);
INSERT INTO ComissaoAcompanhamento(codigoCurso, profID)VALUES(8989015058513, 5769765996867);
INSERT INTO ComissaoAcompanhamento(codigoCurso, estudanteID)VALUES(8989015058513, 1301088531240);
INSERT INTO ComissaoAcompanhamento(codigoCurso, estudanteID)VALUES(8989015058513, 9500523573251);

--NUCLEO
INSERT INTO Nucleo VALUES(4811339567735, 'Nucleo de Informatica da AEFEUP', 'B315');

--ESTUDANTE_NUCLEO
INSERT INTO EstudanteNucleo VALUES(1857840174245, 4811339567735);
