PRAGMA foreign_keys = on;

--STAFF
INSERT INTO Staff VALUES (4357553650742, 'Maria Idalina Gomes Silva', 911019286, '1960-8-25', 'Rua Jardim', 778594169);
INSERT INTO Staff VALUES (9472454376299, 'Marisa Isabel Magalhaes Brandao Silva', 925665677, '1967-1-24', 'Rua Armazens', 949188593);
INSERT INTO Staff VALUES (3869439928041, 'Pedro Miguel Carvalho da Silva', 925018231, '1961-8-12', 'Rua Oliveirinhas', 530048981);
INSERT INTO Staff VALUES (7109028196703, 'Sandra Maria Moura Pinto Pires', 933673603, '1962-5-16', 'Rua Tapada Marinha', 561939391);

--GABINETE
INSERT INTO Gabinete VALUES ('I204');
INSERT INTO Gabinete VALUES ('I134');
INSERT INTO Gabinete VALUES ('I022');
INSERT INTO Gabinete VALUES ('I318');
INSERT INTO Gabinete VALUES ('I120');
INSERT INTO Gabinete VALUES ('I126');
INSERT INTO Gabinete VALUES ('I237');
INSERT INTO Gabinete VALUES ('I314');
INSERT INTO Gabinete VALUES ('I135');
INSERT INTO Gabinete VALUES ('I236');

--PROF
INSERT INTO Prof VALUES (2961088415176, 'Joao Manuel Paiva Cardoso', 931051053, '1955-4-12', 'Rua Rampa Alta', 845811849, 'I204');
INSERT INTO Prof VALUES (4694764582533, 'Carlos Manuel Milheiro de Oliveira Pinto Soares', 935781925, '1967-5-10', 'Rua Caminho Cruz', 554863496, 'I134');
INSERT INTO Prof VALUES (4615716724355, 'Ademar Manuel Teixeira de Aguiar', 927241843, '1959-7-5', 'Rua Comercio', 684883483, 'I022');
INSERT INTO Prof VALUES (3125212669375, 'Jorge Alves da Silva', 926722336, '1959-12-31', 'Travessa Choupelo', 596354142, 'I318');
INSERT INTO Prof VALUES (7463410922099, 'Rosaldo José Fernandes Rossetti', 923019311, '1961-7-29', 'Rua Patrao Caramelho', 753741157, 'I120');
INSERT INTO Prof VALUES (3883439598662, 'João Carlos Pascoal Faria', 932004266, '1957-7-6', 'Rua Parque Gondarim', 806265112, 'I126');
INSERT INTO Prof VALUES (4708837048311, 'João Paulo de Castro Canas Ferreira', 965311478, '1970-3-27', 'Rua Pescador Bacalhoeiro', 195333538, 'I237');
INSERT INTO Prof VALUES (3194601030726, 'Jorge Manuel Gomes Barbosa', 921609790, '1962-11-1', 'Rua Cortinhas Fonte', 469603406, 'I314');
INSERT INTO Prof VALUES (1361607522812, 'Luís Paulo Gonçalves dos Reis', 968529573, '1953-8-13', 'Avenida Doutor Fernando Gomes', 452628840, null);
INSERT INTO Prof VALUES (2603348775483, 'Maria Cristina de Carvalho Alves Ribeiro', 932836663, '1967-9-3', 'Rua Nogueiras', 417671324, 'I135');
INSERT INTO Prof VALUES (7722045611538, 'António José Duarte Araújo', 912180820, '1951-4-16', 'Rua Padua Correia', 634126819, 'I236');
INSERT INTO Prof VALUES (3310408429164, 'José Manuel de Araújo Baptista Mendonça', 962779581, '1955-1-17', 'Rua Parque Gondarim', 234762383, null);

--CURSO
INSERT INTO Curso VALUES (4627798922481, 'Mestrado Integrado em Engenharia Informatica e Computacao', 3883439598662);

--LECIONA
INSERT INTO Leciona VALUES (2961088415176, 4627798922481);
INSERT INTO Leciona VALUES (4694764582533, 4627798922481);
INSERT INTO Leciona VALUES (4615716724355, 4627798922481);
INSERT INTO Leciona VALUES (3125212669375, 4627798922481);
INSERT INTO Leciona VALUES (7463410922099, 4627798922481);
INSERT INTO Leciona VALUES (3883439598662, 4627798922481);
INSERT INTO Leciona VALUES (4708837048311, 4627798922481);
INSERT INTO Leciona VALUES (3194601030726, 4627798922481);
INSERT INTO Leciona VALUES (1361607522812, 4627798922481);
INSERT INTO Leciona VALUES (2603348775483, 4627798922481);
INSERT INTO Leciona VALUES (7722045611538, 4627798922481);
INSERT INTO Leciona VALUES (3310408429164, 4627798922481);

--STAFF_DO_CURSO
INSERT INTO StaffDoCurso VALUES (4357553650742, 4627798922481);

--ESTUDANTE
INSERT INTO Estudante VALUES (7068414077997, 'Simao Pereira Oliveira', 924816633, '1997-6-16', 'Rua Cimo Vila', 1, 4627798922481);
INSERT INTO Estudante VALUES (2598878933847, 'Carlos Eduardo da Nova Duarte', 916040867, '1996-1-13', 'Rua Patrao Caramelho', 1, 4627798922481);
INSERT INTO Estudante VALUES (4110236568409, 'Pedro Maria Passos Ribeiro do Carmo Pereira', 967221300, '1996-7-18', 'Rua Cimo Vila', 1, 4627798922481);
INSERT INTO Estudante VALUES (8282057527306, 'Afonso Soares Mendonça', 968925236, '1996-1-21', 'Rua Luis Sardoeira', 1, 4627798922481);
INSERT INTO Estudante VALUES (8826322419185, 'Moises Pimenta Rocha', 911639360, '1997-8-25', 'Rua Costa', 1, 4627798922481);
INSERT INTO Estudante VALUES (5078830671210, 'Paulo Daniel da Silva Araujo', 912162247, '1999-7-21', 'Rua Cimo Vila', 0, 4627798922481);
INSERT INTO Estudante VALUES (8484044918349, 'Ana Teresa Silva', 912027072, '2000-1-23', 'Rua Nogueiras', 0, 4627798922481);
INSERT INTO Estudante VALUES (1221221647283, 'Andre Miguel Soares', 912800090, '1999-7-12', 'Rua Oliveirinhas', 0, 4627798922481);
INSERT INTO Estudante VALUES (2796399030646, 'Pedro Miguel Braga Lopes Moas', 913548334, '1998-4-20', 'Rua Nogueiras', 1, 4627798922481);
INSERT INTO Estudante VALUES (6079719874117, 'Diogo Peixoto Pereira', 929149264, '1999-7-18', 'Rua Ancora', 1, 4627798922481);
INSERT INTO Estudante VALUES (1826707646198, 'João Paulo Madureira Damas', 912654783, '1997-10-19', 'Rua Muro Bacalhoeiros', 1, 4627798922481);

--CLASSIFICACAO
INSERT INTO Classificacao VALUES (7068414077997, 4627798922481, 19.18);
INSERT INTO Classificacao VALUES (2598878933847, 4627798922481, 14.63);
INSERT INTO Classificacao VALUES (4110236568409, 4627798922481, 11.24);
INSERT INTO Classificacao VALUES (8282057527306, 4627798922481, 12.48);
INSERT INTO Classificacao VALUES (8826322419185, 4627798922481, 11.8);
INSERT INTO Classificacao VALUES (5078830671210, 4627798922481, 10.73);
INSERT INTO Classificacao VALUES (8484044918349, 4627798922481, 14.25);
INSERT INTO Classificacao VALUES (1221221647283, 4627798922481, 10.62);
INSERT INTO Classificacao VALUES (2796399030646, 4627798922481, 11.88);
INSERT INTO Classificacao VALUES (6079719874117, 4627798922481, 16.05);
INSERT INTO Classificacao VALUES (1826707646198, 4627798922481, 12.68);

--LAB
INSERT INTO Lab VALUES (7076980913359, 'Instituto de Engenharia de Sistemas e Computadores, Tecnologia e Ciencia', 3310408429164);

--PROF_ASSOC_LAB
INSERT INTO ProfAssocLab VALUES (2961088415176, 7076980913359);
INSERT INTO ProfAssocLab VALUES (4694764582533, 7076980913359);
INSERT INTO ProfAssocLab VALUES (4615716724355, 7076980913359);
INSERT INTO ProfAssocLab VALUES (3125212669375, 7076980913359);
INSERT INTO ProfAssocLab VALUES (7463410922099, 7076980913359);
INSERT INTO ProfAssocLab VALUES (3883439598662, 7076980913359);
INSERT INTO ProfAssocLab VALUES (4708837048311, 7076980913359);
INSERT INTO ProfAssocLab VALUES (3194601030726, 7076980913359);
INSERT INTO ProfAssocLab VALUES (1361607522812, 7076980913359);
INSERT INTO ProfAssocLab VALUES (2603348775483, 7076980913359);
INSERT INTO ProfAssocLab VALUES (7722045611538, 7076980913359);
INSERT INTO ProfAssocLab VALUES (3310408429164, 7076980913359);

--COMISSAO_EXECUTIVA
INSERT INTO ComissaoExecutiva VALUES (2961088415176);
INSERT INTO ComissaoExecutiva VALUES (4694764582533);
INSERT INTO ComissaoExecutiva VALUES (4615716724355);
INSERT INTO ComissaoExecutiva VALUES (3125212669375);
INSERT INTO ComissaoExecutiva VALUES (7463410922099);

--COMISSAO_CIENTIFICA
INSERT INTO ComissaoCientifica VALUES (4627798922481, 3883439598662);
INSERT INTO ComissaoCientifica VALUES (4627798922481, 4708837048311);
INSERT INTO ComissaoCientifica VALUES (4627798922481, 3194601030726);
INSERT INTO ComissaoCientifica VALUES (4627798922481, 1361607522812);
INSERT INTO ComissaoCientifica VALUES (4627798922481, 2603348775483);

--COMISSAO_ACOMPANHAMENTO
INSERT INTO ComissaoAcompanhamento (codigoCurso, profID) VALUES (4627798922481, 7722045611538);
INSERT INTO ComissaoAcompanhamento (codigoCurso, profID) VALUES (4627798922481, 3883439598662);
INSERT INTO ComissaoAcompanhamento (codigoCurso, profID) VALUES (4627798922481, 3125212669375);
INSERT INTO ComissaoAcompanhamento (codigoCurso, estudanteID) VALUES (4627798922481, 6079719874117);
INSERT INTO ComissaoAcompanhamento (codigoCurso, estudanteID) VALUES (4627798922481, 1826707646198);

--NUCLEO
INSERT INTO Nucleo VALUES(7826426359791, 'Nucleo de Informatica da AEFEUP', 'B315');

--ESTUDANTE_NUCLEO
INSERT INTO EstudanteNucleo VALUES(2598878933847, 7826426359791);
