PRAGMA foreign_keys = on;

--STAFF
INSERT INTO Staff VALUES(2462344014836, 'Maria Idalina Gomes Silva', 939893738, 1960-4-14, 'Rua Jardim', 791370652);
INSERT INTO Staff VALUES(6686100101298, 'Marisa Isabel Magalhaes Brandao Silva', 932052982, 1962-6-29, 'Rua Armazens', 164381988);
INSERT INTO Staff VALUES(3491226935083, 'Pedro Miguel Carvalho da Silva', 919420784, 1968-3-21, 'Rua Oliveirinhas', 457155341);
INSERT INTO Staff VALUES(2998561502942, 'Sandra Maria Moura Pinto Pires', 935634635, 1970-11-5, 'Rua Tapada Marinha', 658782949);

--GABINETE
INSERT INTO Gabinete VALUES('I204');
INSERT INTO Gabinete VALUES('I134');
INSERT INTO Gabinete VALUES('I022');
INSERT INTO Gabinete VALUES('I318');
INSERT INTO Gabinete VALUES('I120');
INSERT INTO Gabinete VALUES('I126');
INSERT INTO Gabinete VALUES('I237');
INSERT INTO Gabinete VALUES('I314');
INSERT INTO Gabinete VALUES('I135');
INSERT INTO Gabinete VALUES('I236');

--PROF
INSERT INTO Prof VALUES(8102979328460, 'Joao Manuel Paiva Cardoso', 921437829, 1967-3-22, 'Rua Rampa Alta', 746720394, 'I204');
INSERT INTO Prof VALUES(8595825273925, 'Carlos Manuel Milheiro de Oliveira Pinto Soares', 928654989, 1953-9-22, 'Rua Caminho Cruz', 468663942, 'I134');
INSERT INTO Prof VALUES(9346388186537, 'Ademar Manuel Teixeira de Aguiar', 916919713, 1969-7-31, 'Rua Comercio', 794343043, 'I022');
INSERT INTO Prof VALUES(1596064755794, 'Jorge Alves da Silva', 927681619, 1964-11-12, 'Travessa Choupelo', 860073451, 'I318');
INSERT INTO Prof VALUES(6386682359866, 'Rosaldo José Fernandes Rossetti ', 938110276, 1969-6-30, 'Rua Patrao Caramelho', 576681901, 'I120');
INSERT INTO Prof VALUES(3615278136760, 'João Carlos Pascoal Faria', 931591893, 1952-6-23, 'Rua Parque Gondarim', 455248591, 'I126');
INSERT INTO Prof VALUES(6449633844348, 'João Paulo de Castro Canas Ferreira', 937111941, 1951-5-19, 'Rua Pescador Bacalhoeiro', 356699429, 'I237');
INSERT INTO Prof VALUES(2615848262650, 'Jorge Manuel Gomes Barbosa', 925405010, 1970-2-11, 'Rua Cortinhas Fonte', 594288912, 'I314');
INSERT INTO Prof VALUES(9678167419535, 'Luís Paulo Gonçalves dos Reis', 929553528, 1950-8-15, 'Avenida Doutor Fernando Gomes', 735586883, null);
INSERT INTO Prof VALUES(8937081941162, 'Maria Cristina de Carvalho Alves Ribeiro', 933566656, 1954-1-30, 'Rua Nogueiras', 693725626, 'I135');
INSERT INTO Prof VALUES(8327946596560, 'António José Duarte Araújo', 966466076, 1967-2-18, 'Rua Padua Correia', 923000964, 'I236');

--CURSO
INSERT INTO Curso VALUES(1330647471439, 'Mestrado Integrado em Engenharia Informatica e Computacao', ID);

--LECIONA
INSERT INTO Leciona VALUES(8102979328460, 1330647471439);
INSERT INTO Leciona VALUES(8595825273925, 1330647471439);
INSERT INTO Leciona VALUES(9346388186537, 1330647471439);
INSERT INTO Leciona VALUES(1596064755794, 1330647471439);
INSERT INTO Leciona VALUES(6386682359866, 1330647471439);
INSERT INTO Leciona VALUES(3615278136760, 1330647471439);

--STAFF_CURSO
INSERT INTO StaffDoCurso VALUES(1330647471439, 2462344014836);

--ESTUDANTE
INSERT INTO Estudante VALUES(7989162050307, 'Simao Pereira Oliveira', 924219865, 1998-11-10, 'Rua Cimo Vila', , 1330647471439);
INSERT INTO Estudante VALUES(9721934100936, 'Carlos Eduardo da Nova Duarte', 912435972, 1998-1-7, 'Rua Patrao Caramelho', , 1330647471439);
INSERT INTO Estudante VALUES(7536396844507, 'Pedro Maria Passos Ribeiro do Carmo Pereira', 933374611, 1999-6-20, 'Rua Cimo Vila', , 1330647471439);
INSERT INTO Estudante VALUES(6937509125409, 'Afonso Soares Mendonça', 963491568, 2000-11-18, 'Rua Luis Sardoeira', , 1330647471439);
INSERT INTO Estudante VALUES(8194657522120, 'Moises Pimenta Rocha', 934634085, 1996-9-25, 'Rua Costa', , 1330647471439);
INSERT INTO Estudante VALUES(1021152898336, 'Paulo Daniel da Silva Araujo', 939239626, 1997-5-24, 'Rua Cimo Vila', , 1330647471439);
INSERT INTO Estudante VALUES(3104133013165, 'Ana Teresa Silva', 938395163, 1998-1-31, 'Rua Nogueiras', , 1330647471439);
INSERT INTO Estudante VALUES(4315349272778, 'Andre Miguel Soares', 931448327, 1999-10-29, 'Rua Oliveirinhas', , 1330647471439);
INSERT INTO Estudante VALUES(2507620000684, 'Pedro Miguel Braga Lopes Moas', 962574271, 1996-9-17, 'Rua Nogueiras', , 1330647471439);
INSERT INTO Estudante VALUES(8805875942356, 'Diogo Peixoto Pereira', 938817162, 1999-1-15, 'Rua Ancora', , 1330647471439);
INSERT INTO Estudante VALUES(6782086576073, 'João Madureira Damas', 965876891, 1998-11-6, 'Rua Muro Bacalhoeiros', , 1330647471439);

--CLASSIFICACAO
INSERT INTO Classificacao VALUES(7536396844507, 1330647471439, 16);
INSERT INTO Classificacao VALUES(9721934100936, 1330647471439, 20);
INSERT INTO Classificacao VALUES(7989162050307, 1330647471439, 19);
INSERT INTO Classificacao VALUES(6937509125409, 1330647471439, 11);
INSERT INTO Classificacao VALUES(8194657522120, 1330647471439, 11);
INSERT INTO Classificacao VALUES(1021152898336, 1330647471439, 14);
INSERT INTO Classificacao VALUES(3104133013165, 1330647471439, 18);
INSERT INTO Classificacao VALUES(4315349272778, 1330647471439, 1);
INSERT INTO Classificacao VALUES(2507620000684, 1330647471439, 7);
INSERT INTO Classificacao VALUES(8805875942356, 1330647471439, 19);
INSERT INTO Classificacao VALUES(6782086576073, 1330647471439, 18);

--LAB
INSERT INTO Lab VALUES(9223264334494, '', ID);

--PROF_LAB
INSERT INTO ProfAssocLab VALUES(ID, ID);

--COMIISAO_EXECUTIVA
INSERT INTO ComissaoExecutiva VALUES(8102979328460);
INSERT INTO ComissaoExecutiva VALUES(8595825273925);
INSERT INTO ComissaoExecutiva VALUES(9346388186537);
INSERT INTO ComissaoExecutiva VALUES(1596064755794);
INSERT INTO ComissaoExecutiva VALUES(6386682359866);

--COMISSAO_CIENTIFICA
INSERT INTO ComissaoCientifica VALUES(1330647471439, 3615278136760);
INSERT INTO ComissaoCientifica VALUES(1330647471439, 6449633844348);
INSERT INTO ComissaoCientifica VALUES(1330647471439, 2615848262650);
INSERT INTO ComissaoCientifica VALUES(1330647471439, 9678167419535);
INSERT INTO ComissaoCientifica VALUES(1330647471439, 8937081941162);

--COMISSAO_ACOMPANHAMENTO
INSERT INTO ComissaoAcompanhamento VALUES (1330647471439, 8327946596560, 6782086576073);
INSERT INTO ComissaoAcompanhamento VALUES (1330647471439, 3615278136760, 8805875942356);
INSERT INTO ComissaoAcompanhamento VALUES (1330647471439, 1596064755794, null);;

--NUCLEO
INSERT INTO Nucleo VALUES(7232759123810, 'Nucleo de Informatica da AEFEUP', 'B315');

--ESTUDANTE_NUCLEO
INSERT INTO EstudanteNucleo VALUES(9721934100936, 7232759123810);

