PRAGMA foreign_keys = on;

--STAFF
INSERT INTO Staff VALUES (9887386259844, 'Maria Idalina Gomes Silva', 918710753, '1961-8-19', 'Rua Jardim', 818060281);
INSERT INTO Staff VALUES (5738070340096, 'Marisa Isabel Magalhaes Brandao Silva', 929522240, '1961-8-19', 'Rua Armazens', 549884598);
INSERT INTO Staff VALUES (9603328037946, 'Pedro Miguel Carvalho da Silva', 932788232, '1962-3-29', 'Rua Oliveirinhas', 161923067);
INSERT INTO Staff VALUES (5590869113534, 'Sandra Maria Moura Pinto Pires', 918707990, '1963-5-13', 'Rua Tapada Marinha', 765454460);

--GABINETE
INSERT INTO Gabinete VALUES ('I204');
INSERT INTO Gabinete VALUES ('I134');
INSERT INTO Gabinete VALUES ('I022');
INSERT INTO Gabinete VALUES ('I318');
INSERT INTO Gabinete VALUES ('I120');
INSERT INTO Gabinete VALUES ('I126');
INSERT INTO Gabinete VALUES ('I237');
INSERT INTO Gabinete VALUES ('I314');
INSERT INTO Gabinete VALUES ('I135');
INSERT INTO Gabinete VALUES ('I236');
INSERT INTO Gabinete VALUES ('I130');
INSERT INTO Gabinete VALUES ('I138');
INSERT INTO Gabinete VALUES ('I215');
INSERT INTO Gabinete VALUES ('I128');
INSERT INTO Gabinete VALUES ('H317');
INSERT INTO Gabinete VALUES ('I218');

--PROF
INSERT INTO Prof VALUES (1945896332350, 'Joao Manuel Paiva Cardoso', 927813620, '1962-3-29', 'Rua Rampa Alta', 581496113, 'I204');
INSERT INTO Prof VALUES (4393465085072, 'Carlos Manuel Milheiro de Oliveira Pinto Soares', 966606030, '1957-2-11', 'Rua Caminho Cruz', 464498806, 'I134');
INSERT INTO Prof VALUES (9479744973786, 'Ademar Manuel Teixeira de Aguiar', 927579519, '1959-5-9', 'Rua Comercio', 359149687, 'I022');
INSERT INTO Prof VALUES (7720139408865, 'Jorge Alves da Silva', 921306633, '1961-4-9', 'Travessa Choupelo', 877844231, 'I318');
INSERT INTO Prof VALUES (3958591238112, 'Rosaldo José Fernandes Rossetti', 922468166, '1952-7-13', 'Rua Patrao Caramelho', 655551266, 'I120');
INSERT INTO Prof VALUES (8592086788462, 'João Carlos Pascoal Faria', 965813237, '1951-3-2', 'Rua Parque Gondarim', 408193607, 'I126');
INSERT INTO Prof VALUES (9968652142653, 'João Paulo de Castro Canas Ferreira', 914356056, '1970-12-13', 'Rua Pescador Bacalhoeiro', 157141788, 'I237');
INSERT INTO Prof VALUES (9829620062577, 'Jorge Manuel Gomes Barbosa', 916996365, '1960-5-3', 'Rua Cortinhas Fonte', 648826349, 'I314');
INSERT INTO Prof VALUES (1245706654551, 'Luís Paulo Gonçalves dos Reis', 921323822, '1955-3-21', 'Avenida Doutor Fernando Gomes', 460130684, null);
INSERT INTO Prof VALUES (2597508207073, 'Maria Cristina de Carvalho Alves Ribeiro', 961422141, '1957-10-31', 'Rua Nogueiras', 746142719, 'I135');
INSERT INTO Prof VALUES (7009655712800, 'António José Duarte Araújo', 965398198, '1956-5-25', 'Rua Padua Correia', 638789267, 'I236');
INSERT INTO Prof VALUES (2928326486353, 'José Manuel de Araújo Baptista Mendonça', 921420020, '1958-3-14', 'Rua Parque Gondarim', 730761878, null);
INSERT INTO Prof VALUES (1181565447918, 'Antonio Augusto de Sousa', 913915694, '1970-12-13', 'Rua Dom Antonio Ferreira Gomes', 838932951, 'I130');
INSERT INTO Prof VALUES (1095341845627, 'Eugenio da Costa Oliveira', 928827593, '1952-1-4', 'Rua Castelo de Guimaraes', 415031948, 'I138');
INSERT INTO Prof VALUES (9012274455085, 'Gil Manuel Magalhaes de Andrade Goncalves', 939333732, '1965-3-18', 'Rua Almirante Leote do Rego', 524801317, 'I215');
INSERT INTO Prof VALUES (3452119531479, 'Henrique Daniel de Avelar Lopes Cardoso', 913036780, '1952-5-19', 'Rua de Monte Alegre', 530026112, 'I128');
INSERT INTO Prof VALUES (1937052576644, 'Alvaro Alberto de Matos Ferreira da Cunha', 918344853, '1951-6-23', 'Rua Goncalo Cristovao', 698518871, 'H317');
INSERT INTO Prof VALUES (1273360461103, 'Fernando Lobo Pereira', 964280310, '1954-12-2', 'Rua do Bonjardim', 457603799, 'I218');

--CURSO
INSERT INTO Curso VALUES (4897707609685, 'Mestrado Integrado em Engenharia Informatica e Computacao', 8592086788462);
INSERT INTO Curso VALUES (1529956949881, 'Programa Doutoral em Engenharia Informatica', 1181565447918);

--LECIONA
INSERT INTO Leciona VALUES (1945896332350, 4897707609685);
INSERT INTO Leciona VALUES (4393465085072, 4897707609685);
INSERT INTO Leciona VALUES (7720139408865, 4897707609685);
INSERT INTO Leciona VALUES (3958591238112, 4897707609685);
INSERT INTO Leciona VALUES (8592086788462, 4897707609685);
INSERT INTO Leciona VALUES (9968652142653, 4897707609685);
INSERT INTO Leciona VALUES (9829620062577, 4897707609685);
INSERT INTO Leciona VALUES (1245706654551, 4897707609685);
INSERT INTO Leciona VALUES (2597508207073, 4897707609685);
INSERT INTO Leciona VALUES (7009655712800, 4897707609685);
INSERT INTO Leciona VALUES (1181565447918, 4897707609685);
INSERT INTO Leciona VALUES (9012274455085, 4897707609685);
INSERT INTO Leciona VALUES (3452119531479, 4897707609685);
INSERT INTO Leciona VALUES (1945896332350, 1529956949881);
INSERT INTO Leciona VALUES (4393465085072, 1529956949881);
INSERT INTO Leciona VALUES (3958591238112, 1529956949881);
INSERT INTO Leciona VALUES (8592086788462, 1529956949881);
INSERT INTO Leciona VALUES (1245706654551, 1529956949881);
INSERT INTO Leciona VALUES (2597508207073, 1529956949881);
INSERT INTO Leciona VALUES (1181565447918, 1529956949881);
INSERT INTO Leciona VALUES (3452119531479, 1529956949881);

--STAFF_DO_CURSO
INSERT INTO StaffDoCurso VALUES (9887386259844, 4897707609685);
INSERT INTO StaffDoCurso VALUES (5738070340096, 1529956949881);

--ESTUDANTE
INSERT INTO Estudante VALUES (6735599434639, 'Simao Pereira Oliveira', 927727373, '2000-5-16', 'Rua Cimo Vila', 4897707609685);
INSERT INTO Estudante VALUES (9261082237286, 'Carlos Eduardo da Nova Duarte', 921609992, '1996-10-8', 'Rua Patrao Caramelho', 4897707609685);
INSERT INTO Estudante VALUES (8572795756181, 'Pedro Maria Passos Ribeiro do Carmo Pereira', 933404543, '2000-3-15', 'Rua Cimo Vila', 4897707609685);
INSERT INTO Estudante VALUES (4457282272356, 'Afonso Soares Mendonça', 966742115, '1996-8-8', 'Rua Luis Sardoeira', 4897707609685);
INSERT INTO Estudante VALUES (6707799846725, 'Moises Pimenta Rocha', 934950530, '1996-10-25', 'Rua Costa', 4897707609685);
INSERT INTO Estudante VALUES (2931561093875, 'Paulo Daniel da Silva Araujo', 921251432, '2000-7-7', 'Rua Cimo Vila', 4897707609685);
INSERT INTO Estudante VALUES (8463026778482, 'Ana Teresa Silva', 923179362, '1996-1-9', 'Rua Nogueiras', 4897707609685);
INSERT INTO Estudante VALUES (3753956449451, 'Andre Miguel Soares', 937902793, '1996-8-8', 'Rua Oliveirinhas', 4897707609685);
INSERT INTO Estudante VALUES (8170891141119, 'Pedro Miguel Braga Lopes Moas', 939537489, '2000-11-26', 'Rua Nogueiras', 4897707609685);
INSERT INTO Estudante VALUES (7961218329863, 'Diogo Peixoto Pereira', 917579107, '1996-6-23', 'Rua Ancora', 4897707609685);
INSERT INTO Estudante VALUES (7899504724807, 'João Paulo Madureira Damas', 922697488, '1997-10-15', 'Rua Muro Bacalhoeiros', 4897707609685);
INSERT INTO Estudante VALUES (1989533448453, 'Joao Pedro Correia', 911799842, '1997-8-17', 'Rua Dordio Gomes', 1529956949881);
INSERT INTO Estudante VALUES (5111950634684, 'Tiago Luis Pacheco', 931456008, '1997-11-3', 'Rua Direita de Francos', 1529956949881);
INSERT INTO Estudante VALUES (4874771931990, 'Maria Gomes Pedroto', 966482638, '1997-12-4', 'Rua Azevedo Coutinho', 1529956949881);
INSERT INTO Estudante VALUES (7312825447289, 'Carlos Correia da Costa', 931493701, '2000-1-4', 'Rua Central de Francos', 1529956949881);
INSERT INTO Estudante VALUES (9110425357924, 'Pedro Manuel Correia', 927348496, '2000-12-27', 'Rua de Cedofeita', 1529956949881);
INSERT INTO Estudante VALUES (2860848417703, 'Carla Filipa Abreu', 962424786, '1998-4-3', 'Rua Adolgo Casais Monteiro', 1529956949881);
INSERT INTO Estudante VALUES (9537819712512, 'Leonardo Ferreira', 929354441, '2000-3-24', 'Rua Guerra Junqueiro', 1529956949881);
INSERT INTO Estudante VALUES (4309874594572, 'Joao Francisco Neto', 913653273, '1996-4-17', 'Rua Dom Agostinho de Jesus e Sousa', 1529956949881);
INSERT INTO Estudante VALUES (3802654239018, 'Antonio Borges dos Santos Ferreira', 911951548, '1998-4-31', 'Rua de Camoes', 1529956949881);

--FREQUENCIA
INSERT INTO Frequencia VALUES (6735599434639, 4897707609685, 15.69, 1);
INSERT INTO Frequencia VALUES (9261082237286, 4897707609685, 19.67, 0);
INSERT INTO Frequencia VALUES (8572795756181, 4897707609685, 10.52, 0);
INSERT INTO Frequencia VALUES (4457282272356, 4897707609685, 10.92, 0);
INSERT INTO Frequencia VALUES (6707799846725, 4897707609685, 11.83, 1);
INSERT INTO Frequencia VALUES (2931561093875, 4897707609685, 16.1, 1);
INSERT INTO Frequencia VALUES (8463026778482, 4897707609685, 16.5, 0);
INSERT INTO Frequencia VALUES (3753956449451, 4897707609685, 10.37, 0);
INSERT INTO Frequencia VALUES (8170891141119, 4897707609685, 11.11, 0);
INSERT INTO Frequencia VALUES (7961218329863, 4897707609685, 15.61, 1);
INSERT INTO Frequencia VALUES (7899504724807, 4897707609685, 17.89, 1);
INSERT INTO Frequencia VALUES (1989533448453, 1529956949881, 13.93, 0);
INSERT INTO Frequencia VALUES (5111950634684, 1529956949881, 10.23, 1);
INSERT INTO Frequencia VALUES (4874771931990, 1529956949881, 15.35, 1);
INSERT INTO Frequencia VALUES (7312825447289, 1529956949881, 19.94, 1);
INSERT INTO Frequencia VALUES (9110425357924, 1529956949881, 15.24, 1);
INSERT INTO Frequencia VALUES (2860848417703, 1529956949881, 14.13, 0);
INSERT INTO Frequencia VALUES (9537819712512, 1529956949881, 12.93, 0);
INSERT INTO Frequencia VALUES (4309874594572, 1529956949881, 15.68, 1);
INSERT INTO Frequencia VALUES (3802654239018, 1529956949881, 18.73, 1);

--LAB
INSERT INTO Lab VALUES (6211239400933, 'Instituto de Engenharia de Sistemas e Computadores, Tecnologia e Ciencia', 2928326486353);
INSERT INTO Lab VALUES (6930233792232, 'Laboratorio de Inteligencia Artificial e Ciencia de Computadores', 1245706654551);
INSERT INTO Lab VALUES (1037988092609, 'Instituto de I&D em Estruturas e Construcao', 1937052576644);
INSERT INTO Lab VALUES (6210005907526, 'Centro de Investigacao em Sistemas e Tecnologias', 1273360461103);

--PROF_ASSOC_LAB
INSERT INTO ProfAssocLab VALUES (1945896332350, 6211239400933);
INSERT INTO ProfAssocLab VALUES (4393465085072, 6211239400933);
INSERT INTO ProfAssocLab VALUES (9479744973786, 6211239400933);
INSERT INTO ProfAssocLab VALUES (7720139408865, 6211239400933);
INSERT INTO ProfAssocLab VALUES (3958591238112, 6211239400933);
INSERT INTO ProfAssocLab VALUES (8592086788462, 6211239400933);
INSERT INTO ProfAssocLab VALUES (9968652142653, 6211239400933);
INSERT INTO ProfAssocLab VALUES (2597508207073, 6211239400933);
INSERT INTO ProfAssocLab VALUES (7009655712800, 6211239400933);
INSERT INTO ProfAssocLab VALUES (1181565447918, 6211239400933);
INSERT INTO ProfAssocLab VALUES (3958591238112, 6930233792232);
INSERT INTO ProfAssocLab VALUES (1095341845627, 6930233792232);
INSERT INTO ProfAssocLab VALUES (3452119531479, 6930233792232);
INSERT INTO ProfAssocLab VALUES (3958591238112, 1037988092609);
INSERT INTO ProfAssocLab VALUES (9012274455085, 6210005907526);

--COMISSAO_EXECUTIVA
INSERT INTO ComissaoExecutiva VALUES (1945896332350);
INSERT INTO ComissaoExecutiva VALUES (4393465085072);
INSERT INTO ComissaoExecutiva VALUES (9479744973786);
INSERT INTO ComissaoExecutiva VALUES (7720139408865);
INSERT INTO ComissaoExecutiva VALUES (3958591238112);

--COMISSAO_CIENTIFICA
INSERT INTO ComissaoCientifica VALUES (4897707609685, 8592086788462);
INSERT INTO ComissaoCientifica VALUES (4897707609685, 9968652142653);
INSERT INTO ComissaoCientifica VALUES (4897707609685, 9829620062577);
INSERT INTO ComissaoCientifica VALUES (4897707609685, 1245706654551);
INSERT INTO ComissaoCientifica VALUES (4897707609685, 2597508207073);
INSERT INTO ComissaoCientifica VALUES (1529956949881, 1181565447918);
INSERT INTO ComissaoCientifica VALUES (1529956949881, 1095341845627);
INSERT INTO ComissaoCientifica VALUES (1529956949881, 9012274455085);
INSERT INTO ComissaoCientifica VALUES (1529956949881, 3452119531479);
INSERT INTO ComissaoCientifica VALUES (1529956949881, 1945896332350);

--COMISSAO_ACOMPANHAMENTO
INSERT INTO ComissaoAcompanhamento (curso, prof) VALUES (4897707609685, 7009655712800);
INSERT INTO ComissaoAcompanhamento (curso, prof) VALUES (4897707609685, 8592086788462);
INSERT INTO ComissaoAcompanhamento (curso, prof) VALUES (4897707609685, 7720139408865);
INSERT INTO ComissaoAcompanhamento (curso, estudante) VALUES (4897707609685, 7961218329863);
INSERT INTO ComissaoAcompanhamento (curso, estudante) VALUES (4897707609685, 7899504724807);
INSERT INTO ComissaoAcompanhamento (curso, prof) VALUES (1529956949881, 1181565447918);
INSERT INTO ComissaoAcompanhamento (curso, prof) VALUES (1529956949881, 1095341845627);
INSERT INTO ComissaoAcompanhamento (curso, estudante) VALUES (1529956949881, 1989533448453);
INSERT INTO ComissaoAcompanhamento (curso, estudante) VALUES (1529956949881, 5111950634684);

--NUCLEO
INSERT INTO Nucleo VALUES(1209378747287, 'Nucleo de Informatica da AEFEUP', 'B315');

--ESTUDANTE_NUCLEO
INSERT INTO EstudanteNucleo VALUES(9261082237286, 1209378747287);
INSERT INTO EstudanteNucleo VALUES(4457282272356, 1209378747287);
