PRAGMA foreign_keys = on;

--STAFF
INSERT INTO Staff VALUES(3880472350753, 'Maria Idalina Gomes Silva', 936075288, '1965-7-23', 'Rua Jardim', 853922856);
INSERT INTO Staff VALUES(5529448264289, 'Marisa Isabel Magalhaes Brandao Silva', 927868553, '1962-11-5', 'Rua Armazens', 576566309);
INSERT INTO Staff VALUES(8838125754499, 'Pedro Miguel Carvalho da Silva', 926731326, '1967-2-3', 'Rua Oliveirinhas', 751338968);
INSERT INTO Staff VALUES(4039673417011, 'Sandra Maria Moura Pinto Pires', 933744072, '1970-7-3', 'Rua Tapada Marinha', 702644785);

--GABINETE
INSERT INTO Gabinete VALUES('I204');
INSERT INTO Gabinete VALUES('I134');
INSERT INTO Gabinete VALUES('I022');
INSERT INTO Gabinete VALUES('I318');
INSERT INTO Gabinete VALUES('I120');
INSERT INTO Gabinete VALUES('I126');
INSERT INTO Gabinete VALUES('I237');
INSERT INTO Gabinete VALUES('I314');
INSERT INTO Gabinete VALUES('I135');
INSERT INTO Gabinete VALUES('I236');

--PROF
INSERT INTO Prof VALUES(3208902880097, 'Joao Manuel Paiva Cardoso', 927826839, '1968-11-15', 'Rua Rampa Alta', 214346630, 'I204');
INSERT INTO Prof VALUES(4072887030722, 'Carlos Manuel Milheiro de Oliveira Pinto Soares', 926687923, '1957-3-7', 'Rua Caminho Cruz', 714264691, 'I134');
INSERT INTO Prof VALUES(6047015119683, 'Ademar Manuel Teixeira de Aguiar', 967518422, '1953-8-20', 'Rua Comercio', 644491318, 'I022');
INSERT INTO Prof VALUES(2123823699411, 'Jorge Alves da Silva', 914345325, '1956-8-6', 'Travessa Choupelo', 294931853, 'I318');
INSERT INTO Prof VALUES(8048830159947, 'Rosaldo José Fernandes Rossetti', 918170245, '1960-1-13', 'Rua Patrao Caramelho', 960480548, 'I120');
INSERT INTO Prof VALUES(8011990044505, 'João Carlos Pascoal Faria', 936233982, '1965-11-30', 'Rua Parque Gondarim', 614647938, 'I126');
INSERT INTO Prof VALUES(4107422564475, 'João Paulo de Castro Canas Ferreira', 932395749, '1963-11-2', 'Rua Pescador Bacalhoeiro', 947124100, 'I237');
INSERT INTO Prof VALUES(5575685317669, 'Jorge Manuel Gomes Barbosa', 916190965, '1968-6-18', 'Rua Cortinhas Fonte', 347986573, 'I314');
INSERT INTO Prof VALUES(5744125785087, 'Luís Paulo Gonçalves dos Reis', 935087970, '1956-6-17', 'Avenida Doutor Fernando Gomes', 434834261, null);
INSERT INTO Prof VALUES(6593327999407, 'Maria Cristina de Carvalho Alves Ribeiro', 939031045, '1952-11-14', 'Rua Nogueiras', 133676664, 'I135');
INSERT INTO Prof VALUES(9569542684672, 'António José Duarte Araújo', 968766110, '1968-12-8', 'Rua Padua Correia', 223606425, 'I236');
INSERT INTO Prof VALUES(9630405674962, 'José Manuel de Araújo Baptista Mendonça', 921521356, '1956-8-16', 'Rua Parque Gondarim', 339814700, null);

--CURSO
INSERT INTO Curso VALUES(1074295312955, 'Mestrado Integrado em Engenharia Informatica e Computacao', 8011990044505);

--LECIONA
INSERT INTO Leciona VALUES(3208902880097, 1074295312955);
INSERT INTO Leciona VALUES(4072887030722, 1074295312955);
INSERT INTO Leciona VALUES(6047015119683, 1074295312955);
INSERT INTO Leciona VALUES(2123823699411, 1074295312955);
INSERT INTO Leciona VALUES(8048830159947, 1074295312955);
INSERT INTO Leciona VALUES(8011990044505, 1074295312955);
INSERT INTO Leciona VALUES(4107422564475, 1074295312955);
INSERT INTO Leciona VALUES(5575685317669, 1074295312955);
INSERT INTO Leciona VALUES(5744125785087, 1074295312955);
INSERT INTO Leciona VALUES(6593327999407, 1074295312955);
INSERT INTO Leciona VALUES(9569542684672, 1074295312955);
INSERT INTO Leciona VALUES(9630405674962, 1074295312955);

--STAFF_DO_CURSO
INSERT INTO StaffDoCurso VALUES(3880472350753, 1074295312955);

--ESTUDANTE
INSERT INTO Estudante VALUES(4372026333893, 'Simao Pereira Oliveira', 911771733, '1998-1-7', 'Rua Cimo Vila', 1, 1074295312955);
INSERT INTO Estudante VALUES(6571255876729, 'Carlos Eduardo da Nova Duarte', 966780328, '2000-2-16', 'Rua Patrao Caramelho', 1, 1074295312955);
INSERT INTO Estudante VALUES(6082395932961, 'Pedro Maria Passos Ribeiro do Carmo Pereira', 936038290, '1997-8-28', 'Rua Cimo Vila', 0, 1074295312955);
INSERT INTO Estudante VALUES(6647559774999, 'Afonso Soares Mendonça', 966602323, '1999-7-25', 'Rua Luis Sardoeira', 0, 1074295312955);
INSERT INTO Estudante VALUES(8004607454227, 'Moises Pimenta Rocha', 913202718, '1999-8-2', 'Rua Costa', 1, 1074295312955);
INSERT INTO Estudante VALUES(6226023035654, 'Paulo Daniel da Silva Araujo', 963959734, '1998-11-1', 'Rua Cimo Vila', 1, 1074295312955);
INSERT INTO Estudante VALUES(1625511204016, 'Ana Teresa Silva', 925353796, '1996-7-8', 'Rua Nogueiras', 0, 1074295312955);
INSERT INTO Estudante VALUES(3284467314860, 'Andre Miguel Soares', 932453296, '1999-8-14', 'Rua Oliveirinhas', 1, 1074295312955);
INSERT INTO Estudante VALUES(3387964479723, 'Pedro Miguel Braga Lopes Moas', 936592187, '1998-1-30', 'Rua Nogueiras', 0, 1074295312955);
INSERT INTO Estudante VALUES(2868839126085, 'Diogo Peixoto Pereira', 916894218, '1998-10-1', 'Rua Ancora', 0, 1074295312955);
INSERT INTO Estudante VALUES(7297057214031, 'João Paulo Madureira Damas', 926872405, '1996-9-4', 'Rua Muro Bacalhoeiros', 1, 1074295312955);

--CLASSIFICACAO
INSERT INTO Classificacao VALUES(4372026333893, 1074295312955, 16.57);
INSERT INTO Classificacao VALUES(6571255876729, 1074295312955, 17.38);
INSERT INTO Classificacao VALUES(6082395932961, 1074295312955, 12.81);
INSERT INTO Classificacao VALUES(6647559774999, 1074295312955, 12.83);
INSERT INTO Classificacao VALUES(8004607454227, 1074295312955, 11.04);
INSERT INTO Classificacao VALUES(6226023035654, 1074295312955, 13.28);
INSERT INTO Classificacao VALUES(1625511204016, 1074295312955, 14.04);
INSERT INTO Classificacao VALUES(3284467314860, 1074295312955, 17.69);
INSERT INTO Classificacao VALUES(3387964479723, 1074295312955, 13.9);
INSERT INTO Classificacao VALUES(2868839126085, 1074295312955, 13.32);
INSERT INTO Classificacao VALUES(7297057214031, 1074295312955, 12.15);

--LAB
INSERT INTO Lab VALUES(5389003435222, 'Instituto de Engenharia de Sistemas e Computadores, Tecnologia e Ciencia', 9630405674962);

--PROF_ASSOC_LAB
INSERT INTO ProfAssocLab VALUES(3208902880097, 5389003435222);
INSERT INTO ProfAssocLab VALUES(4072887030722, 5389003435222);
INSERT INTO ProfAssocLab VALUES(6047015119683, 5389003435222);
INSERT INTO ProfAssocLab VALUES(2123823699411, 5389003435222);
INSERT INTO ProfAssocLab VALUES(8048830159947, 5389003435222);
INSERT INTO ProfAssocLab VALUES(8011990044505, 5389003435222);
INSERT INTO ProfAssocLab VALUES(4107422564475, 5389003435222);
INSERT INTO ProfAssocLab VALUES(5575685317669, 5389003435222);
INSERT INTO ProfAssocLab VALUES(5744125785087, 5389003435222);
INSERT INTO ProfAssocLab VALUES(6593327999407, 5389003435222);
INSERT INTO ProfAssocLab VALUES(9569542684672, 5389003435222);
INSERT INTO ProfAssocLab VALUES(9630405674962, 5389003435222);

--COMISSAO_EXECUTIVA
INSERT INTO ComissaoExecutiva VALUES(3208902880097);
INSERT INTO ComissaoExecutiva VALUES(4072887030722);
INSERT INTO ComissaoExecutiva VALUES(6047015119683);
INSERT INTO ComissaoExecutiva VALUES(2123823699411);
INSERT INTO ComissaoExecutiva VALUES(8048830159947);

--COMISSAO_CIENTIFICA
INSERT INTO ComissaoCientifica VALUES(1074295312955, 8011990044505);
INSERT INTO ComissaoCientifica VALUES(1074295312955, 4107422564475);
INSERT INTO ComissaoCientifica VALUES(1074295312955, 5575685317669);
INSERT INTO ComissaoCientifica VALUES(1074295312955, 5744125785087);
INSERT INTO ComissaoCientifica VALUES(1074295312955, 6593327999407);

--COMISSAO_ACOMPANHAMENTO
INSERT INTO ComissaoAcompanhamento VALUES(1074295312955, 9569542684672);
INSERT INTO ComissaoAcompanhamento VALUES(1074295312955, 8011990044505);
INSERT INTO ComissaoAcompanhamento VALUES(1074295312955, 2123823699411);
INSERT INTO ComissaoAcompanhamento VALUES(1074295312955, 2868839126085);
INSERT INTO ComissaoAcompanhamento VALUES(1074295312955, 7297057214031);

--NUCLEO
INSERT INTO Nucleo VALUES(7925814546271, 'Nucleo de Informatica da AEFEUP', 'B315');

--ESTUDANTE_NUCLEO
INSERT INTO EstudanteNucleo VALUES(6571255876729, 7925814546271);
